cell_id,1,2,3
1,1.0000000000000002,0.4091533303391796,0.4464560114112321
2,0.4091533303391796,1.0,0.43633502761446863
3,0.4464560114112321,0.43633502761446863,0.9999999999999999
